primary_investigator,school,institute_carnegie_classification,website,research_interest,postdoc_wanted,postdoc_ads_link,source
Kevin Shaughnessy,Alabama,,http://kshaughnessy.people.ua.edu/,synthetic organic,,,https://www.organicdivision.org/organicsyntheticfaculty/
Timothy Snowden,Alabama,,https://chemistry.ua.edu/people/timothy-s-snowden/,synthetic organic,,,https://www.organicdivision.org/organicsyntheticfaculty/
Michael Jennings,Alabama,,https://chemistry.ua.edu/people/michael-p-jennings/,synthetic organic,,,https://www.organicdivision.org/organicsyntheticfaculty/
Pengfei Wang,Alabama – Birmingham,,http://scholars.uab.edu/display/wangp,synthetic organic,,,https://www.organicdivision.org/organicsyntheticfaculty/
Sadanandan Velu,Alabama – Birmingham,,http://scholars.uab.edu/display/svelu,synthetic organic,,,https://www.organicdivision.org/organicsyntheticfaculty/
Ming Chen,Auburn,,http://www.auburn.edu/cosam/faculty/chemistry/chen/research/index.htm,synthetic organic,,,https://www.organicdivision.org/organicsyntheticfaculty/
Anne Gorden,Auburn,,http://www.auburn.edu/cosam/faculty/chemistry/gordena/index.htm,synthetic organic,,,https://www.organicdivision.org/organicsyntheticfaculty/
Rashad Karimov,Auburn,,https://karimovrashad.wixsite.com/website,synthetic organic,,,https://www.organicdivision.org/organicsyntheticfaculty/
Bradley Merner,Auburn,,https://www.mernergroup.com/,synthetic organic,,,https://www.organicdivision.org/organicsyntheticfaculty/
Stewart Schneller,Auburn,,http://wp.auburn.edu/schnest/,synthetic organic,,,https://www.organicdivision.org/organicsyntheticfaculty/
Eugene Mash,Arizona,,https://cbc.arizona.edu/faculty/eugene-mash,synthetic organic,,,https://www.organicdivision.org/organicsyntheticfaculty/
Robin Polt,Arizona,,https://cbc.arizona.edu/faculty/robin-polt,synthetic organic,,,https://www.organicdivision.org/organicsyntheticfaculty/
Dominic McGrath,Arizona,,https://cbc.arizona.edu/faculty/dominic-mcgrath,synthetic organic,,,https://www.organicdivision.org/organicsyntheticfaculty/
Jon Njardarson,Arizona,,https://njardarson.lab.arizona.edu/,synthetic organic,,,https://www.organicdivision.org/organicsyntheticfaculty/
John Jewett,Arizona,,https://sites.google.com/site/jcjewettlab/,synthetic organic,,,https://www.organicdivision.org/organicsyntheticfaculty/
Laura Ackerman,Arizona State,,https://isearch.asu.edu/profile/3509272,synthetic organic,,,https://www.organicdivision.org/organicsyntheticfaculty/
Kyle Biegasiewicz,Arizona State,,https://isearch.asu.edu/profile/3503942,synthetic organic,,,https://www.organicdivision.org/organicsyntheticfaculty/
Matt McIntosh,Arkansas,,https://fulbright.uark.edu/departments/chemistry/directory/index/uid/mcintosh/name/Matt-McIntosh/,synthetic organic,,,https://www.organicdivision.org/organicsyntheticfaculty/
Nan Zheng,Arkansas,,http://www.zhenggroup.org,synthetic organic,,,https://www.organicdivision.org/organicsyntheticfaculty/
Susanne Striegler,Arkansas,,https://sstriegl.hosted.uark.edu/index.html,synthetic organic,,,https://www.organicdivision.org/organicsyntheticfaculty/
Gregory Fu,Cal Tech,,http://fugroup.caltech.edu/,synthetic organic,,,https://www.organicdivision.org/organicsyntheticfaculty/
Robert Grubbs,Cal Tech,,https://grubbsgroup.caltech.edu,synthetic organic,,,https://www.organicdivision.org/organicsyntheticfaculty/
Sarah Reisman,Cal Tech,,http://reismangroup.caltech.edu/,synthetic organic,,,https://www.organicdivision.org/organicsyntheticfaculty/
Brian Stoltz,Cal Tech,,http://www.stoltz.caltech.edu/,synthetic organic,,,https://www.organicdivision.org/organicsyntheticfaculty/
Phil Baran,Scripps,,https://baranlab.org,synthetic organic,,,https://www.organicdivision.org/organicsyntheticfaculty/
Donna Blackmond,Scripps,,https://www.scripps.edu/blackmond/,synthetic organic,,,https://www.organicdivision.org/organicsyntheticfaculty/
Dale Boger,Scripps,,http://www.scripps.edu/chem/boger/,synthetic organic,,,https://www.organicdivision.org/organicsyntheticfaculty/
Keary Engle,Scripps,,https://englelab.com/,synthetic organic,,,https://www.organicdivision.org/organicsyntheticfaculty/
Kim Janda,Scripps,,http://www.scripps.edu/chem/janda/,synthetic organic,,,https://www.organicdivision.org/organicsyntheticfaculty/
Hans Renata,Scripps,,https://renatalab.com/,synthetic organic,,,https://www.organicdivision.org/organicsyntheticfaculty/
K. Barry Sharpless,Scripps,,http://www.scripps.edu/chem/sharpless/,synthetic organic,,,https://www.organicdivision.org/organicsyntheticfaculty/
Ryan Shenvi,Scripps,,http://www.scripps.edu/chem/shenvi/Front.html,synthetic organic,,,https://www.organicdivision.org/organicsyntheticfaculty/
Chi Huey Wong,Scripps,,https://www.scripps.edu/wong/,synthetic organic,,,https://www.organicdivision.org/organicsyntheticfaculty/
Peng Wu,Scripps,,https://www.scripps.edu/pwu/,synthetic organic,,,https://www.organicdivision.org/organicsyntheticfaculty/
Jin-Quan Yu,Scripps,,http://www.scripps.edu/chem/yu/,synthetic organic,,,https://www.organicdivision.org/organicsyntheticfaculty/
Justin Du Bois,Stanford,,https://duboislab.stanford.edu/,synthetic organic,,,https://www.organicdivision.org/organicsyntheticfaculty/
Barry M. Trost,Stanford,,https://web.stanford.edu/group/bmtrost/,synthetic organic,,,https://www.organicdivision.org/organicsyntheticfaculty/
Paul Wender,Stanford,,https://web.stanford.edu/group/pawender/,synthetic organic,,,https://www.organicdivision.org/organicsyntheticfaculty/
Noah Burns,Stanford,,http://web.stanford.edu/group/burnslab/,synthetic organic,,,https://www.organicdivision.org/organicsyntheticfaculty/
Carolyn Bertozzi,Stanford,,https://bertozzigroup.stanford.edu/,synthetic organic,,,https://www.organicdivision.org/organicsyntheticfaculty/
Dean Toste,UC Berkeley,,http://www.cchem.berkeley.edu/toste/index.html,synthetic organic,,,https://www.organicdivision.org/organicsyntheticfaculty/
Richmond Sarpong,UC Berkeley,,http://www.cchem.berkeley.edu/rsgrp/,synthetic organic,,,https://www.organicdivision.org/organicsyntheticfaculty/
John Hartwig,UC Berkeley,,http://www.cchem.berkeley.edu/jfhgrp/,synthetic organic,,,https://www.organicdivision.org/organicsyntheticfaculty/
Thomas Maimone,UC Berkeley,,http://www.cchem.berkeley.edu/tjm/Lab_website/Home.html,synthetic organic,,,https://www.organicdivision.org/organicsyntheticfaculty/
Peter Beal,UC Davis,,https://beal.faculty.ucdavis.edu,synthetic organic,,,https://www.organicdivision.org/organicsyntheticfaculty/
Mark Kurth,UC Davis,,https://chemistry.ucdavis.edu/people/mark-kurth,synthetic organic,,,https://www.organicdivision.org/organicsyntheticfaculty/
Jaquelyn Gervay-Hague,UC Davis,,https://chemistry.ucdavis.edu/people/jacquelyn-gervay-hague,synthetic organic,,,https://www.organicdivision.org/organicsyntheticfaculty/
Jared Shaw,UC Davis,,https://shaw.faculty.ucdavis.edu,synthetic organic,True,https://recruit.ucdavis.edu/JPF03952,https://www.organicdivision.org/organicsyntheticfaculty/
Annaliese Franz,UC Davis,,http://chemgroups.ucdavis.edu/%7Efranz/,synthetic organic,,,https://www.organicdivision.org/organicsyntheticfaculty/
Mark Mascal,UC Davis,,http://chemgroups.ucdavis.edu/~mascal/,synthetic organic,True,https://docs.google.com/spreadsheets/d/1gR6opZLakIfneMh6ckjwZKehkMgTXR2CX3Q8yDJ6iFc/edit?usp=sharing,https://www.organicdivision.org/organicsyntheticfaculty/
David Olson,UC Davis,,https://www.olsonlab.org/,synthetic organic,,,https://www.organicdivision.org/organicsyntheticfaculty/
Elizabeth Bess,UD Irvine,,https://www.besslab.com,synthetic organic,,,https://www.organicdivision.org/organicsyntheticfaculty/
James Nowick,UC Irvine,,http://www.chem.uci.edu/~jsnowick/groupweb/,synthetic organic,,,https://www.organicdivision.org/organicsyntheticfaculty/
Kenneth Shea,UC Irvine,,http://chem.ps.uci.edu/~kjshea/index.php,synthetic organic,,,https://www.organicdivision.org/organicsyntheticfaculty/
David Van Vranken,UC Irvine,,https://vanvranken.ps.uci.edu,synthetic organic,,,https://www.organicdivision.org/organicsyntheticfaculty/
Larry Overman,UC Irvine,,https://faculty.sites.uci.edu/overman/,synthetic organic,,,https://www.organicdivision.org/organicsyntheticfaculty/
Scott Rychnovsky,UC Irvine,,http://www.chem.uci.edu/~srychnov/Rychnovsky/,synthetic organic,,,https://www.organicdivision.org/organicsyntheticfaculty/
Christopher Vanderwal,UC Irvine,,https://faculty.sites.uci.edu/cdv/,synthetic organic,,,https://www.organicdivision.org/organicsyntheticfaculty/
Elizabeth Jarvo,UC Irvine,,https://sites.uci.edu/jarvogroup/,synthetic organic,,,https://www.organicdivision.org/organicsyntheticfaculty/
Suzanne Blum,UC Irvine,,http://chem.ps.uci.edu/~blumlab/main.htm,synthetic organic,,,https://www.organicdivision.org/organicsyntheticfaculty/
Vy Dong,UC Irvine,,http://www.chem.uci.edu/~dongv/,synthetic organic,,,https://www.organicdivision.org/organicsyntheticfaculty/
Jenn Prescher,UC Irvine,,https://www.chem.uci.edu/~jpresche/,synthetic organic,,,https://www.organicdivision.org/organicsyntheticfaculty/
Sergey Pronin,UC Irvine,,https://faculty.sites.uci.edu/pronin/,synthetic organic,,,https://www.organicdivision.org/organicsyntheticfaculty/
Neil Garg,UCLA,,https://garg.chem.ucla.edu/,synthetic organic,,,https://www.organicdivision.org/organicsyntheticfaculty/
Patrick Harran,UCLA,,http://www.chem.ucla.edu/harran/,synthetic organic,,,https://www.organicdivision.org/organicsyntheticfaculty/
Michael Jung,UCLA,,http://www.chem.ucla.edu/~jung/home.html,synthetic organic,,,https://www.organicdivision.org/organicsyntheticfaculty/
Ohyun Kwon,UCLA,,http://www.chem.ucla.edu/ohyunkwon/,synthetic organic,,,https://www.organicdivision.org/organicsyntheticfaculty/
Hosea Nelson,UCLA,,http://www.thenelsonlab.com/,synthetic organic,,,https://www.organicdivision.org/organicsyntheticfaculty/
Kevin Kou,UC Riverside,,https://koulab.org,synthetic organic,,,https://www.organicdivision.org/organicsyntheticfaculty/
Michael Pirrung,UC Riverside,,https://sites.google.com/ucr.edu/pirrung/,synthetic organic,,,https://www.organicdivision.org/organicsyntheticfaculty/
Bruce Lipshutz,UC Santa Barbara,,https://lipshutz.chem.ucsb.edu,synthetic organic,,,https://www.organicdivision.org/organicsyntheticfaculty/
R. Daniel Little,UC Santa Barbara,,https://little.chem.ucsb.edu/home,synthetic organic,,,https://www.organicdivision.org/organicsyntheticfaculty/
Thomas Pettus,UC Santa Barbara,,https://labs.chem.ucsb.edu/pettus/tom/Pettus_Group/Pettus_Group/Welcome.html,synthetic organic,,,https://www.organicdivision.org/organicsyntheticfaculty/
Javier Read de Alaniz,UC Santa Barbara,,https://readdealanizgroup.com,synthetic organic,,,https://www.organicdivision.org/organicsyntheticfaculty/
Yang Yang,UC Santa Barbara,,https://yang.chem.ucsb.edu/,synthetic organic,,,https://www.organicdivision.org/organicsyntheticfaculty/
Armen Zakarian,UC Santa Barbara,,https://labs.chem.ucsb.edu/zakarian/armen/,synthetic organic,,,https://www.organicdivision.org/organicsyntheticfaculty/
Liming Zhang,UC Santa Barbara,,https://labs.chem.ucsb.edu/zhang/liming/,synthetic organic,,,https://www.organicdivision.org/organicsyntheticfaculty/
Rebecca Braslau,UC Santa Cruz,,http://braslau.chemistry.ucsc.edu,synthetic organic,,,https://www.organicdivision.org/organicsyntheticfaculty/
Bakthan Singaram,UC Santa Cruz,,https://www.chemistry.ucsc.edu/faculty/index.php?uid=singaram,synthetic organic,,,https://www.organicdivision.org/organicsyntheticfaculty/
Michael Burkart,UC San Diego,,http://burkartlab.ucsd.edu,synthetic organic,,,https://www.organicdivision.org/organicsyntheticfaculty/
Tadeusz Molinski,UC San Diego,,http://www-chem.ucsd.edu/faculty/profiles/molinski_tadeusz_f.html,synthetic organic,,,https://www.organicdivision.org/organicsyntheticfaculty/
Valerie Schmidt,UC San Diego,,http://schmidtgroup.ucsd.edu/people.html,synthetic organic,,,https://www.organicdivision.org/organicsyntheticfaculty/
Dionicio Siegel,UC San Diego,,https://www.siegellabgroup.org,synthetic organic,,,https://www.organicdivision.org/organicsyntheticfaculty/
Emmanuel Theodorakis,UC San Diego,,http://theodorakisgroup.ucsd.edu/,synthetic organic,,,https://www.organicdivision.org/organicsyntheticfaculty/
Benjamin Stokes,UC Merced,,https://www.benstokesgroup.org/,synthetic organic,,,https://www.organicdivision.org/organicsyntheticfaculty/
Ryan Baxter,UC Merced,,https://www.baxterlab.com/,synthetic organic,,,https://www.organicdivision.org/organicsyntheticfaculty/
Jason Sello,UCSF,,https://pharmacy.ucsf.edu/jason-sello,synthetic organic,,,https://www.organicdivision.org/organicsyntheticfaculty/
Douglas Grotjahn,San Diego State,,http://grotjahngroup.org/,synthetic organic,,,https://www.organicdivision.org/organicsyntheticfaculty/
Nicos Petasis,USC,,https://dornsife.usc.edu/chemistry/petasis/,synthetic organic,,,https://www.organicdivision.org/organicsyntheticfaculty/
Kyung Jung,USC,,https://dornsife.usc.edu/chemistry/jung/,synthetic organic,,,https://www.organicdivision.org/organicsyntheticfaculty/
Travis Williams,USC,,http://chem.usc.edu/~williams_group/index.html,synthetic organic,,,https://www.organicdivision.org/organicsyntheticfaculty/
G. K. Surya Prakash,USC,,http://chem.usc.edu/faculty/Prakash.html,synthetic organic,,,https://www.organicdivision.org/organicsyntheticfaculty/
David Horne,City of Hope,,https://www.cityofhope.org/people/horne-david,synthetic organic,,,https://www.organicdivision.org/organicsyntheticfaculty/
Jeff Bandar,Colorado State,,https://www.thebandargroup.org/,synthetic organic,,,https://www.organicdivision.org/organicsyntheticfaculty/
Andy McNally,Colorado State,,https://www.mcnallygroup.org,synthetic organic,,,https://www.organicdivision.org/organicsyntheticfaculty/
Garret Miyake,Colorado State,,https://miyakelab.colostate.edu/,synthetic organic,,,https://www.organicdivision.org/organicsyntheticfaculty/
Yian Shi,Colorado State,,https://sites.chem.colostate.edu/shilab/,synthetic organic,,,https://www.organicdivision.org/organicsyntheticfaculty/
Robert Williams,Colorado State,,https://rmwilliamsgroup.wordpress.com/,synthetic organic,,,https://www.organicdivision.org/organicsyntheticfaculty/
Tarek Sammakia,Colorado,,https://www.colorado.edu/lab/sammakiagroup/,synthetic organic,,,https://www.organicdivision.org/organicsyntheticfaculty/
Xiang Wang,Colorado,,https://www.colorado.edu/lab/wanggroup/,synthetic organic,,,https://www.organicdivision.org/organicsyntheticfaculty/
Maciej Walczak,Colorado,,https://www.walczaklab.org/,synthetic organic,,,https://www.organicdivision.org/organicsyntheticfaculty/
Brian Michel,University of Denver,,http://portfolio.du.edu/Brian.Michel,synthetic organic,,,https://www.organicdivision.org/organicsyntheticfaculty/
Bryan Cowen,University of Denver,,http://portfolio.du.edu/bcowen,synthetic organic,,,https://www.organicdivision.org/organicsyntheticfaculty/
Andrei Kutateladze,University of Denver,,https://science.du.edu/about/faculty-directory/andrei-kutateladze,synthetic organic,,,https://www.organicdivision.org/organicsyntheticfaculty/
Amy Howell,Connecticut,,https://howell.chem.uconn.edu/,synthetic organic,,,https://www.organicdivision.org/organicsyntheticfaculty/
Nicholas Leadbeater,Connecticut,,https://nsmg.chemistry.uconn.edu,synthetic organic,,,https://www.organicdivision.org/organicsyntheticfaculty/
Mark Peczuh,Connecticut,,https://mark-peczuh.uconn.edu/,synthetic organic,,,https://www.organicdivision.org/organicsyntheticfaculty/
Craig Crews,Yale,,http://crewslab.yale.edu,synthetic organic,,,https://www.organicdivision.org/organicsyntheticfaculty/
Scott Miller,Yale,,https://millerlab.yale.edu/,synthetic organic,,,https://www.organicdivision.org/organicsyntheticfaculty/
Seth Herzon,Yale,,http://www.herzongroup.org/,synthetic organic,,,https://www.organicdivision.org/organicsyntheticfaculty/
David Spiegel,Yale,,https://spiegellab.yale.edu/,synthetic organic,,,https://www.organicdivision.org/organicsyntheticfaculty/
William Jorgensen,Yale,,http://zarbi.chem.yale.edu/,synthetic organic,,,https://www.organicdivision.org/organicsyntheticfaculty/
Jon Ellman,Yale,,https://ellman.chem.yale.edu/,synthetic organic,,,https://www.organicdivision.org/organicsyntheticfaculty/
Timothy Newhouse,Yale,,http://campuspress.yale.edu/newhousegroup/,synthetic organic,,,https://www.organicdivision.org/organicsyntheticfaculty/
Joseph Fox,Delaware,,http://www1.udel.edu/chem/fox/index.html,synthetic organic,,,https://www.organicdivision.org/organicsyntheticfaculty/
Neal Zondlo,Delaware,,http://www1.udel.edu/chem/zondlo/,synthetic organic,,,https://www.organicdivision.org/organicsyntheticfaculty/
William Chain,Delaware,,https://sites.udel.edu/chaingroup/,synthetic organic,,,https://www.organicdivision.org/organicsyntheticfaculty/
Donald Watson,Delaware,,https://sites.udel.edu/dawatsongroup/,synthetic organic,,,https://www.organicdivision.org/organicsyntheticfaculty/
Mary Watson,Delaware,,https://sites.udel.edu/mpwatson-lab/,synthetic organic,,,https://www.organicdivision.org/organicsyntheticfaculty/
Lisa McElwee-White,Florida,,https://lmwhite.chem.ufl.edu,synthetic organic,,,https://www.organicdivision.org/organicsyntheticfaculty/
Aaron Aponick,Florida,,https://aponick.chem.ufl.edu/Aponick_Research/Home.html,synthetic organic,,,https://www.organicdivision.org/organicsyntheticfaculty/
Alexander Grenning,Florida,,https://grenninglab.com/,synthetic organic,,,https://www.organicdivision.org/organicsyntheticfaculty/
Robert Huigens,Florida,,https://pharmacy.ufl.edu/profile/huigens-robert/,synthetic organic,,,https://www.organicdivision.org/organicsyntheticfaculty/
Zhongwu Guo,Florida,,https://guo.chem.ufl.edu/research/,synthetic organic,,,https://www.organicdivision.org/organicsyntheticfaculty/
Daniel Seidel,Rutgers,,http://seidel-group.com/,synthetic organic,,,https://www.organicdivision.org/organicsyntheticfaculty/
Norito Takenaka,Florida Institute of Technology,,https://www.fit.edu/faculty-profiles/6/norito-takenaka/,synthetic organic,,,https://www.organicdivision.org/organicsyntheticfaculty/
Salvatore Lepore,Florida Atlantic University,,http://cescos.fau.edu/lepore/index.html,synthetic organic,,,https://www.organicdivision.org/organicsyntheticfaculty/
Kansang Lee,University of Central Florida,,https://sciences.ucf.edu/chemistry/lee/,synthetic organic,,,https://www.organicdivision.org/organicsyntheticfaculty/
Yu Yuan,University of Central Florida,,https://sciences.ucf.edu/chemistry/yuanlab/,synthetic organic,,,https://www.organicdivision.org/organicsyntheticfaculty/
James Frederich,Florida State,,https://www.frederichlab.org/,synthetic organic,,,https://www.organicdivision.org/organicsyntheticfaculty/
Joel Smith,Florida State,,https://www.smithlab.org/,synthetic organic,,,https://www.organicdivision.org/organicsyntheticfaculty/
Kirpal Bisht,South Florida,,http://faculty.cas.usf.edu/kbisht/,synthetic organic,,,https://www.organicdivision.org/organicsyntheticfaculty/
Edward Turos,South Florida,,https://www.usf.edu/arts-sciences/departments/chemistry/faculty/turos.aspx,synthetic organic,,,https://www.organicdivision.org/organicsyntheticfaculty/
Michael Shi,South Florida,,http://xmshi.myweb.usf.edu/,synthetic organic,,,https://www.organicdivision.org/organicsyntheticfaculty/
Justin Lopchuk,Moffitt Cancer Center,,http://lopchuklab.com/,synthetic organic,,,https://www.organicdivision.org/organicsyntheticfaculty/
Simon Blakey,Emory,,https://www.blakeylab.org,synthetic organic,,,https://www.organicdivision.org/organicsyntheticfaculty/
Huw Davies,Emory,,https://scholarblogs.emory.edu/davieslab/,synthetic organic,,,https://www.organicdivision.org/organicsyntheticfaculty/
Lanny Liebeskind,Emory,,https://scholarblogs.emory.edu/liebeskindlab/,synthetic organic,,,https://www.organicdivision.org/organicsyntheticfaculty/
Dennis Liotta,Emory,,https://scholarblogs.emory.edu/liotta/,synthetic organic,,,https://www.organicdivision.org/organicsyntheticfaculty/
Frank McDonald,Emory,,https://scholarblogs.emory.edu/frankmcdonaldchemistry/,synthetic organic,,,https://www.organicdivision.org/organicsyntheticfaculty/
Nate Jui,Emory,,https://www.juigroup.com/,synthetic organic,,,https://www.organicdivision.org/organicsyntheticfaculty/
William Wuest,Emory,,https://scholarblogs.emory.edu/wuestlab/,synthetic organic,,,https://www.organicdivision.org/organicsyntheticfaculty/
Anthony Arduengo,Georgia Tech,,http://ajarduengo.net/,synthetic organic,True,http://ajarduengo.net/,https://www.organicdivision.org/organicsyntheticfaculty/
Stefan France,Georgia Tech,,http://ww2.chemistry.gatech.edu/~sfrance3/home.html,synthetic organic,,,https://www.organicdivision.org/organicsyntheticfaculty/
M. G. Finn,Georgia Tech,,http://www.finnlabresearch.org/,synthetic organic,,,https://www.organicdivision.org/organicsyntheticfaculty/
Geert-Jan Boons,Georgia,,https://www.ccrc.uga.edu/~gjboons/boons/Home.htm,synthetic organic,,,https://www.organicdivision.org/organicsyntheticfaculty/
Eric Ferreira,Georgia,,https://ferreiralaboratory.wordpress.com/,synthetic organic,,,https://www.organicdivision.org/organicsyntheticfaculty/
Suri Iyer,Georgia State,,https://siyer.gsucreate.org/publications/,synthetic organic,,,https://www.organicdivision.org/organicsyntheticfaculty/
Marcus Tius,Hawaii,,http://manoa.hawaii.edu/chem/groups/tius/,synthetic organic,,,https://www.organicdivision.org/organicsyntheticfaculty/
Kristopher Waynant,Idaho,,https://waynantresearch.webs.com/,synthetic organic,,,https://www.organicdivision.org/organicsyntheticfaculty/
Mark Levin,University of Chicago,,http://voices.uchicago.edu/levingroup,synthetic organic,,,https://www.organicdivision.org/organicsyntheticfaculty/
Viresh Rawal,University of Chicago,,https://rawalgroup.uchicago.edu/,synthetic organic,,,https://www.organicdivision.org/organicsyntheticfaculty/
Scott Snyder,University of Chicago,,http://snyder-group.uchicago.edu/,synthetic organic,,,https://www.organicdivision.org/organicsyntheticfaculty/
Guangbin Dong,University Chicago,,https://voices.uchicago.edu/donggroup/,synthetic organic,,,https://www.organicdivision.org/organicsyntheticfaculty/
Will Dichtel,Northwestern,,https://sites.northwestern.edu/dichtel/,synthetic organic,,,https://www.organicdivision.org/organicsyntheticfaculty/
Julia Kalow,Northwestern,,https://sites.northwestern.edu/kalowlab/,synthetic organic,,,https://www.organicdivision.org/organicsyntheticfaculty/
SonBinh Nguyen,Northwestern,,http://www.nguyengroup.northwestern.edu/,synthetic organic,,,https://www.organicdivision.org/organicsyntheticfaculty/
Karl Scheidt,Northwestern,,https://sites.northwestern.edu/scheidt/,synthetic organic,,,https://www.organicdivision.org/organicsyntheticfaculty/
Regan Thomson,Northwestern,,https://sites.northwestern.edu/thomson/,synthetic organic,,,https://www.organicdivision.org/organicsyntheticfaculty/
Richard Silverman,Northwestern,,http://www.silverman.northwestern.edu/,synthetic organic,,,https://www.organicdivision.org/organicsyntheticfaculty/
Fraser Stoddard,Northwestern,,https://stoddart.northwestern.edu/,synthetic organic,,,https://www.organicdivision.org/organicsyntheticfaculty/
Laura Anderson,Illinois-Chicago,,http://www2.chem.uic.edu/anderson/,synthetic organic,,,https://www.organicdivision.org/organicsyntheticfaculty/
Tom Driver,Illinois-Chicago,,http://www2.chem.uic.edu/driver/,synthetic organic,,,https://www.organicdivision.org/organicsyntheticfaculty/
Daesung Lee,Illinois-Chicago,,http://www2.chem.uic.edu/leegroup/,synthetic organic,,,https://www.organicdivision.org/organicsyntheticfaculty/
Justin Mohr,Illinois-Chicago,,http://www2.chem.uic.edu/mohr/,synthetic organic,,,https://www.organicdivision.org/organicsyntheticfaculty/
Duncan Wardrop,Illinois-Chicago,,http://www2.chem.uic.edu/wardrop/,synthetic organic,,,https://www.organicdivision.org/organicsyntheticfaculty/
Martin Burke,Illinois,,http://faculty.scs.illinois.edu/burke/,synthetic organic,,,https://www.organicdivision.org/organicsyntheticfaculty/
Scott Denmark,Illinois,,http://faculty.scs.illinois.edu/denmark/,synthetic organic,,,https://www.organicdivision.org/organicsyntheticfaculty/
Paul Hergenrother,Illinois,,https://www.hergenrothergroup.com/,synthetic organic,,,https://www.organicdivision.org/organicsyntheticfaculty/
John Katzenellenbogen,Illinois,,https://chemistry.illinois.edu/jkatzene,synthetic organic,,,https://www.organicdivision.org/organicsyntheticfaculty/
M. Christina White,Illinois,,http://faculty.scs.illinois.edu/white/,synthetic organic,,,https://www.organicdivision.org/organicsyntheticfaculty/
Timothy Hagen,Northern Illinois,,https://www.niu.edu/hagen/,synthetic organic,,,https://www.organicdivision.org/organicsyntheticfaculty/
Hee Yeon Cho,Loyola University Chicago,,http://chogroup.org/,synthetic organic,,,https://www.organicdivision.org/organicsyntheticfaculty/
Douglas Klumpp,Northern Illinois,,https://www.niu.edu/klumpp/group-members/index.shtml,synthetic organic,,,https://www.organicdivision.org/organicsyntheticfaculty/
Kevin Brown,Indiana,,https://kbrown.lab.indiana.edu/,synthetic organic,,,https://www.organicdivision.org/organicsyntheticfaculty/
Silas Cook,Indiana,,https://cooklab.sitehost.iu.edu/,synthetic organic,,,https://www.organicdivision.org/organicsyntheticfaculty/
Nicola Pohl,Indiana,,https://pohl.lab.indiana.edu/,synthetic organic,,,https://www.organicdivision.org/organicsyntheticfaculty/
Thomas Snaddon,Indiana,,https://snaddon.lab.indiana.edu,synthetic organic,,,https://www.organicdivision.org/organicsyntheticfaculty/
Michael VanNieuwenhze,Indiana,,https://msv.lab.indiana.edu/,synthetic organic,,,https://www.organicdivision.org/organicsyntheticfaculty/
David Williams,Indiana,,https://williams.lab.indiana.edu,synthetic organic,,,https://www.organicdivision.org/organicsyntheticfaculty/
Robert Minto,IUPUI,,https://mintogroup.chem.iupui.edu,synthetic organic,,,https://www.organicdivision.org/organicsyntheticfaculty/
Sebastien Laulhe,IUPUI,,https://science.iupui.edu/people-directory/people/laulhe-sebastien.html,synthetic organic,,,https://www.organicdivision.org/organicsyntheticfaculty/
Brandon Ashfeld,Notre Dame,,https://ashfeldlab.nd.edu/,synthetic organic,,,https://www.organicdivision.org/organicsyntheticfaculty/
Juan Del Valle,Notre Dame,,https://delvallelab.weebly.com/,synthetic organic,,,https://www.organicdivision.org/organicsyntheticfaculty/
Paul Helquist,Notre Dame,,https://chemistry.nd.edu/people/paul-helquist/,synthetic organic,,,https://www.organicdivision.org/organicsyntheticfaculty/
Christian Melander,Notre Dame,,https://sites.nd.edu/melanderlab/,synthetic organic,,,https://www.organicdivision.org/organicsyntheticfaculty/
Richard Taylor,Notre Dame,,https://chemistry.nd.edu/people/rich-taylor/,synthetic organic,,,https://www.organicdivision.org/organicsyntheticfaculty/
Ryan Altman,Purdue,,https://www.mcmp.purdue.edu/faculty/raaltman,synthetic organic,,,https://www.organicdivision.org/organicsyntheticfaculty/
P. V. Ramachandran,Purdue,,http://www.chem.purdue.edu/chandran/,synthetic organic,,,https://www.organicdivision.org/organicsyntheticfaculty/
Mark Cushman,Purdue,,https://www.mcmp.purdue.edu/faculty/cushmanm,synthetic organic,,,https://www.organicdivision.org/organicsyntheticfaculty/
Mark Lipton,Purdue,,http://www.chem.purdue.edu/lipton/,synthetic organic,,,https://www.organicdivision.org/organicsyntheticfaculty/
Arun Ghosh,Purdue,,http://www.chem.purdue.edu/ghosh/,synthetic organic,,,https://www.organicdivision.org/organicsyntheticfaculty/
Christopher Uyeda,Purdue,,http://www.chem.purdue.edu/uyeda/,synthetic organic,,,https://www.organicdivision.org/organicsyntheticfaculty/
Mingji Dai,Purdue,,http://www.chem.purdue.edu/dai/,synthetic organic,,,https://www.organicdivision.org/organicsyntheticfaculty/
Daniel Flaherty,Purdue,,https://www.mcmp.purdue.edu/faculty/dflaher,synthetic organic,,,https://www.organicdivision.org/organicsyntheticfaculty/
Herman Sintim,Purdue,,https://sites.google.com/site/sintimgrouphomepage/,synthetic organic,,,https://www.organicdivision.org/organicsyntheticfaculty/
Horacio Olivo,Iowa,,https://olivoresearch.wordpress.com,synthetic organic,,,https://www.organicdivision.org/organicsyntheticfaculty/
David Wiemer,Iowa,,https://chem.uiowa.edu/wiemer-research-group,synthetic organic,,,https://www.organicdivision.org/organicsyntheticfaculty/
Greg Friestad,Iowa,,https://chem.uiowa.edu/people/gregory-k-friestad,synthetic organic,,,https://www.organicdivision.org/organicsyntheticfaculty/
Zhendong Jin,Iowa,,https://pharmacy.uiowa.edu/directory/person/zhendong-jin,synthetic organic,True,https://pharmacy.uiowa.edu/directory/person/zhendong-jin,https://www.organicdivision.org/organicsyntheticfaculty/
Dave Martin,Iowa,,https://martin.lab.uiowa.edu/index.html,synthetic organic,,,https://www.organicdivision.org/organicsyntheticfaculty/
Chris Pigge,Iowa,,https://chem.uiowa.edu/people/f-christopher-pigge,synthetic organic,,,https://www.organicdivision.org/organicsyntheticfaculty/
Florence Williams,Iowa,,https://www.williamsresearchlab.com/,synthetic organic,,,https://www.organicdivision.org/organicsyntheticfaculty/
George Kraus,Iowa State,,https://www.chem.iastate.edu/people/george-kraus,synthetic organic,,,https://www.organicdivision.org/organicsyntheticfaculty/
Aaron Sadow,Iowa State,,https://sadow.chem.iastate.edu/,synthetic organic,,,https://www.organicdivision.org/organicsyntheticfaculty/
Levi Stanley,Iowa State,,https://www.chem.iastate.edu/people/levi-stanley,synthetic organic,,,https://www.organicdivision.org/organicsyntheticfaculty/
Duy Hua,Kansas State,,http://www.k-state.edu/chem/people/grad-faculty/hua/lab/index.html,synthetic organic,,,https://www.organicdivision.org/organicsyntheticfaculty/
Ryan Rafferty,Kansas State,,http://www.k-state.edu/chem/people/grad-faculty/rafferty/lab/index.html,synthetic organic,,,https://www.organicdivision.org/organicsyntheticfaculty/
Zarko Boskovic,Kansas,,https://boskoviclab.ku.edu,synthetic organic,,,https://www.organicdivision.org/organicsyntheticfaculty/
Michael Rubin,Kansas,,http://chem.ku.edu/people/faculty/mrubin,synthetic organic,,,https://www.organicdivision.org/organicsyntheticfaculty/
Jon Tunge,Kansas,,http://tungegroup.ku.edu/,synthetic organic,,,https://www.organicdivision.org/organicsyntheticfaculty/
Bob Grossman,Kentucky,,https://chem.as.uky.edu/users/rbgros1,synthetic organic,,,https://www.organicdivision.org/organicsyntheticfaculty/
R. Kiplin Guy,"Kentucky, College of Pharm.",,http://pharmacy.uky.edu/faculty/rkgu223/Rodney-Guy,synthetic organic,True,http://ukjobs.uky.edu/postings/293026,https://www.organicdivision.org/organicsyntheticfaculty/
Thomas Prisinzano,"University of Kentucky, College of Pharm.",,https://www.prisinzanolab.com,synthetic organic,,,https://www.organicdivision.org/organicsyntheticfaculty/
Dave Watt,Kentucky,,http://biochemistry.med.uky.edu/users/dwatt,synthetic organic,,,https://www.organicdivision.org/organicsyntheticfaculty/
Frederick Luzzio,University of Louisville,,http://louisville.edu/chemistry/directory/faculty/frederick-a.-luzzio,synthetic organic,,,https://www.organicdivision.org/organicsyntheticfaculty/
Michael Nantz,University of Louisville,,http://www.nantzgroup.com/Nantz_Lab/Homepage.html,synthetic organic,,,https://www.organicdivision.org/organicsyntheticfaculty/
Gerald Hammond,University of Louisville,,http://louisville.edu/chemistry/directory/faculty/gerald-b.-gb-hammond,synthetic organic,,,https://www.organicdivision.org/organicsyntheticfaculty/
Rendy Kartika,Louisiana State,,https://sites01.lsu.edu/faculty/rkartika/,synthetic organic,,,https://www.organicdivision.org/organicsyntheticfaculty/
Semin Lee,Louisiana State,,https://www.seminlee.com/,synthetic organic,,,https://www.organicdivision.org/organicsyntheticfaculty/
Justin Ragains,Louisiana State,,https://faculty.lsu.edu/ragains/index.php,synthetic organic,,,https://www.organicdivision.org/organicsyntheticfaculty/
Carol Taylor,Louisiana State,,https://faculty.lsu.edu/cmtaylor/index.php,synthetic organic,,,https://www.organicdivision.org/organicsyntheticfaculty/
Mark Trudell,New Orleans,,https://www.uno.edu/profile/faculty/mark_trudell,synthetic organic,,,https://www.organicdivision.org/organicsyntheticfaculty/
Matthew Brichacek,Maine,,https://umaine.edu/brichlab/,synthetic organic,,,https://www.organicdivision.org/organicsyntheticfaculty/
Thomas Lectka,Johns Hopkins,,http://lectka.chemistry.jhu.edu/,synthetic organic,,,https://www.organicdivision.org/organicsyntheticfaculty/
Rebekka Klausen,Johns Hopkins,,https://pages.jh.edu/~chem/klausen/,synthetic organic,,,https://www.organicdivision.org/organicsyntheticfaculty/
Craig Townsend,Johns Hopkins,,https://sites.krieger.jhu.edu/townsend-lab/,synthetic organic,,,https://www.organicdivision.org/organicsyntheticfaculty/
Caren Meyers,Johns Hopkins,,https://www.hopkinsmedicine.org/pharmacology_molecular_sciences/faculty/bios/meyers.html,synthetic organic,,,https://www.organicdivision.org/organicsyntheticfaculty/
Philip DeShong,Maryland,,http://www.chem.umd.edu/faculty-staff-directory/facultydirectory/philip-deshong,synthetic organic,,,https://www.organicdivision.org/organicsyntheticfaculty/
Osvaldo Gutierrez,Maryland,,https://www.gutierrezlabs.com/,synthetic organic,,,https://www.organicdivision.org/organicsyntheticfaculty/
Katherine Seley-Radke,"Maryland, Baltimore Co.",,https://chemistry.umbc.edu/seley-radtke-lab/,synthetic organic,,,https://www.organicdivision.org/organicsyntheticfaculty/
Daniel Appella,"NIDDK, NIH",,https://www.niddk.nih.gov/research-funding/at-niddk/labs-branches/laboratory-bioorganic-chemistry/synthetic-bioactive-molecules-section,synthetic organic,,,https://www.organicdivision.org/organicsyntheticfaculty/
John Schneekloth,"NCI, NIH",,https://irp.nih.gov/pi/john-schneekloth,synthetic organic,,,https://www.organicdivision.org/organicsyntheticfaculty/
Martin Schnermann,"NCI, NIH",,https://ccr.cancer.gov/Chemical-Biology-Laboratory/martin-j-schnermann,synthetic organic,,,https://www.organicdivision.org/organicsyntheticfaculty/
Clifton Barry,"NIAID, NIH",,https://www.niaid.nih.gov/research/clifton-e-barry-iii-phd,synthetic organic,,,https://www.organicdivision.org/organicsyntheticfaculty/
Amir Hoveyda,Boston College,,https://sites.bc.edu/amir-hoveyda/,synthetic organic,,,https://www.organicdivision.org/organicsyntheticfaculty/
James Morken,Boston College,,https://sites.google.com/bc.edu/james-morken//,synthetic organic,,,https://www.organicdivision.org/organicsyntheticfaculty/
Marc Snapper,Boston College,,https://sites.bc.edu/marc-snapper/marc-snapper/,synthetic organic,,,https://www.organicdivision.org/organicsyntheticfaculty/
Masayuki Wasa,Boston College,,https://sites.google.com/bc.edu/masayuki-wasa/home,synthetic organic,,,https://www.organicdivision.org/organicsyntheticfaculty/
X. Peter Zhang,Boston College,,https://sites.bc.edu/peter-zhang/,synthetic organic,,,https://www.organicdivision.org/organicsyntheticfaculty/
Aaron Beeler,Boston University,,https://www.bu.edu/chemistry/faculty/beeler/,synthetic organic,,,https://www.organicdivision.org/organicsyntheticfaculty/
James Panek,Boston University,,http://people.bu.edu/panek/,synthetic organic,,,https://www.organicdivision.org/organicsyntheticfaculty/
John Porco,Boston University,,https://www.porcogroup.com/,synthetic organic,,,https://www.organicdivision.org/organicsyntheticfaculty/
Scott Shaus,Boston University,,https://www.bu.edu/chemistry/faculty/schaus/,synthetic organic,,,https://www.organicdivision.org/organicsyntheticfaculty/
John Snyder,Boston University,,http://people.bu.edu/jsnyder/index.htm,synthetic organic,,,https://www.organicdivision.org/organicsyntheticfaculty/
Barry Snider,Brandeis,,http://blogs.brandeis.edu/snidergroup/,synthetic organic,,,https://www.organicdivision.org/organicsyntheticfaculty/
Isaac Krauss,Brandeis,,http://people.brandeis.edu/~kraussi/index.html,synthetic organic,,,https://www.organicdivision.org/organicsyntheticfaculty/
Chi Ting,Brandeis,,https://www.brandeis.edu/chemistry/faculty/ting-chi.html,synthetic organic,True,https://www.brandeis.edu/chemistry/faculty/ting-chi.html,https://www.organicdivision.org/organicsyntheticfaculty/
Hao Xu,Brandeis,,https://www.brandeis.edu/chemistry/faculty/xu-hao.html,synthetic organic,,,https://www.organicdivision.org/organicsyntheticfaculty/
E. J. Corey,Harvard,,http://faculty.chemistry.harvard.edu/elias-corey,synthetic organic,,,https://www.organicdivision.org/organicsyntheticfaculty/
Yoshito Kishi,Harvard,,http://faculty.chemistry.harvard.edu/yoshito-kishi,synthetic organic,,,https://www.organicdivision.org/organicsyntheticfaculty/
Eric Jacobsen,Harvard,,http://www.people.fas.harvard.edu/~jacobsengroup/,synthetic organic,,,https://www.organicdivision.org/organicsyntheticfaculty/
Andrew Myers,Harvard,,http://faculty.chemistry.harvard.edu/myers,synthetic organic,,,https://www.organicdivision.org/organicsyntheticfaculty/
Stuart Schreiber,Harvard,,https://www.broadinstitute.org/bios/stuart-l-schreiber,synthetic organic,,,https://www.organicdivision.org/organicsyntheticfaculty/
Matthew Shair,Harvard,,http://www.shairlab.com,synthetic organic,,,https://www.organicdivision.org/organicsyntheticfaculty/
Daniel Kahne,Harvard,,https://www.kahnelabharvard.com/,synthetic organic,,,https://www.organicdivision.org/organicsyntheticfaculty/
Christina Woo,Harvard,,http://www.woolab.org,synthetic organic,,,https://www.organicdivision.org/organicsyntheticfaculty/
Rick Danheiser,MIT,,http://danheiserlab.mit.edu/,synthetic organic,,,https://www.organicdivision.org/organicsyntheticfaculty/
Timothy Jamison,MIT,,http://web.mit.edu/chemistry/jamison/,synthetic organic,,,https://www.organicdivision.org/organicsyntheticfaculty/
Laura Kiessling,MIT,,https://chemistry.mit.edu/profile/laura-l-kiessling/,synthetic organic,,,https://www.organicdivision.org/organicsyntheticfaculty/
Stephen Buchwald,MIT,,https://chemistry-buchwald.mit.edu,synthetic organic,,,https://www.organicdivision.org/organicsyntheticfaculty/
Mohammad Movassaghi,MIT,,http://web.mit.edu/movassag/www/index.htm,synthetic organic,,,https://www.organicdivision.org/organicsyntheticfaculty/
Alexander Radosevich,MIT,,http://web.mit.edu/radosevichlab/,synthetic organic,,,https://www.organicdivision.org/organicsyntheticfaculty/
Alison Wendlandt,MIT,,https://wendlandtlab.com,synthetic organic,,,https://www.organicdivision.org/organicsyntheticfaculty/
Clay Bennett,Tufts,,http://ase.tufts.edu/chemistry/bennett/,synthetic organic,,,https://www.organicdivision.org/organicsyntheticfaculty/
George O’Doherty,Northeastern,,https://www.northeastern.edu/odoherty/,synthetic organic,,,https://www.organicdivision.org/organicsyntheticfaculty/
Roman Manetsch,Northeastern,,http://manetschlab.com,synthetic organic,,,https://www.organicdivision.org/organicsyntheticfaculty/
James Dittami,Worcester Polytechnic,,https://www.wpi.edu/people/faculty/jdittami,synthetic organic,,,https://www.organicdivision.org/organicsyntheticfaculty/
Anita Mattson,Worcester Polytechnic,,https://www.amattson.com,synthetic organic,,,https://www.organicdivision.org/organicsyntheticfaculty/
Patricia Musacchio,Worcester Polytechnic,,https://www.zhang-musacchioresearchgroup.com/,synthetic organic,True,https://www.zhang-musacchioresearchgroup.com/,https://www.organicdivision.org/organicsyntheticfaculty/
Sivappa Rasapalli,University Mass Dartmouth,,https://www.umassd.edu/cas/chemistry/faculty--staff/sivappa-rasapalli/,synthetic organic,,,https://www.organicdivision.org/organicsyntheticfaculty/
Wei Zhang,University Mass Boston,,http://alpha.chem.umb.edu/faculty/zhang/code/index.htm,synthetic organic,,,https://www.organicdivision.org/organicsyntheticfaculty/
Anna Mapp,Michigan,,https://www.lsi.umich.edu/science/our-labs/anna-mapp-lab,synthetic organic,,,https://www.organicdivision.org/organicsyntheticfaculty/
Ann McNeil,Michigan,,https://mcneilgroup.chem.lsa.umich.edu,synthetic organic,,,https://www.organicdivision.org/organicsyntheticfaculty/
John Montgomery,Michigan,,http://www.umich.edu/%7Ejmgroup/,synthetic organic,,,https://www.organicdivision.org/organicsyntheticfaculty/
Pavel Nagorny,Michigan,,http://www.umich.edu/~nagornyp/index.html,synthetic organic,,,https://www.organicdivision.org/organicsyntheticfaculty/
Alison Narayan,Michigan,,https://www.lsi.umich.edu/science/our-labs/alison-narayan-lab,synthetic organic,,,https://www.organicdivision.org/organicsyntheticfaculty/
Melanie Sanford,Michigan,,http://www.umich.edu/%7Emssgroup/,synthetic organic,,,https://www.organicdivision.org/organicsyntheticfaculty/
Corey Stephenson,Michigan,,http://www.umich.edu/~crsgroup/,synthetic organic,True,https://www.thestephensongroup.org/,https://www.organicdivision.org/organicsyntheticfaculty/
Corinna Schindler,Michigan,,https://www.schindlerresearchgroup.com/,synthetic organic,,,https://www.organicdivision.org/organicsyntheticfaculty/
John Wolfe,Michigan,,http://www.umich.edu/%7Ewolfelab/,synthetic organic,,,https://www.organicdivision.org/organicsyntheticfaculty/
Jeremy Kodanko,Wayne State,,http://chem.wayne.edu/kodankogroup/,synthetic organic,,,https://www.organicdivision.org/organicsyntheticfaculty/
Hien Nguyen,Wayne State,,https://s.wayne.edu/nguyengroup/hien-nguyen/,synthetic organic,,,https://www.organicdivision.org/organicsyntheticfaculty/
Jennifer Stockdill,Wayne State,,http://stockdillgroup.info/app/,synthetic organic,,,https://www.organicdivision.org/organicsyntheticfaculty/
Rob Maleczka,Michigan State,,https://www2.chemistry.msu.edu/Faculty/Maleczka/index.html,synthetic organic,,,https://www.organicdivision.org/organicsyntheticfaculty/
William Wulff,Michigan State,,https://www2.chemistry.msu.edu/faculty/wulff/myweb26/Wulff_data/about_wulff-new.htm,synthetic organic,,,https://www.organicdivision.org/organicsyntheticfaculty/
Babak Borhan,Michigan State,,https://www2.chemistry.msu.edu/faculty/Borhan/group%20page.html,synthetic organic,,,https://www.organicdivision.org/organicsyntheticfaculty/
Jetze Tepe,Michigan State,,https://tepegroup.chemistry.msu.edu/,synthetic organic,,,https://www.organicdivision.org/organicsyntheticfaculty/
Xuefei Huang,Michigan State,,https://www2.chemistry.msu.edu/faculty/huang/,synthetic organic,,,https://www.organicdivision.org/organicsyntheticfaculty/
Aaron Odom,Michigan State,,https://www.chemistry.msu.edu/faculty-research/faculty-members/aaron-l-odom/,synthetic organic,,,https://www.organicdivision.org/organicsyntheticfaculty/
Courtney Aldrich,Minnesota,,https://sites.google.com/umn.edu/aldrich/,synthetic organic,,,https://www.organicdivision.org/organicsyntheticfaculty/
Christopher Douglas,Minnesota,,http://www1.chem.umn.edu/groups/douglas/,synthetic organic,,,https://www.organicdivision.org/organicsyntheticfaculty/
David Ferguson,Minnesota,,https://sites.google.com/a/umn.edu/ferguson/,synthetic organic,,,https://www.organicdivision.org/organicsyntheticfaculty/
Dan Harki,Minnesota,,http://harki.umn.edu,synthetic organic,,,https://www.organicdivision.org/organicsyntheticfaculty/
Tom Hoye,Minnesota,,http://www1.chem.umn.edu/groups/hoye/,synthetic organic,,,https://www.organicdivision.org/organicsyntheticfaculty/
Steven Kass,Minnesota,,http://kass.chem.umn.edu/,synthetic organic,,,https://www.organicdivision.org/organicsyntheticfaculty/
Jessica Lamb,Minnesota,,https://lamb.chem.umn.edu/,synthetic organic,,,https://www.organicdivision.org/organicsyntheticfaculty/
Nicholas Race,Minnesota,,https://sites.google.com/umn.edu/raceresearchgroup,synthetic organic,,,https://www.organicdivision.org/organicsyntheticfaculty/
Courtney Roberts,Minnesota,,http://roberts.chem.umn.edu/,synthetic organic,,,https://www.organicdivision.org/organicsyntheticfaculty/
Ian Tonks,Minnesota,,http://tonks.chem.umn.edu/,synthetic organic,,,https://www.organicdivision.org/organicsyntheticfaculty/
Joseph Topczewski,Minnesota,,http://topczewski.chem.umn.edu/,synthetic organic,,,https://www.organicdivision.org/organicsyntheticfaculty/
Zhengqiang Wang,Minnesota,,https://drugdesign.umn.edu/research/research-groups/wang-group,synthetic organic,,,https://www.organicdivision.org/organicsyntheticfaculty/
David Colby,Mississippi,,http://www.olemiss.edu/~dacolby,synthetic organic,,,https://www.organicdivision.org/organicsyntheticfaculty/
Hoang Le,Mississippi,,http://www.hlelab.com/,synthetic organic,,,https://www.organicdivision.org/organicsyntheticfaculty/
Matthew Donahue,University Southern Mississippi,,http://mattdonahuegroup.org/,synthetic organic,,,https://www.organicdivision.org/organicsyntheticfaculty/
Julie Pigza,University Southern Mississippi,,https://www.usm.edu/faculty-directory/profile.php?id=1936961,synthetic organic,,,https://www.organicdivision.org/organicsyntheticfaculty/
Xin Cui,Mississippi State,,http://cui.chemistry.msstate.edu/,synthetic organic,,,https://www.organicdivision.org/organicsyntheticfaculty/
Michael Harmata,Missouri – Columbia,,http://faculty.missouri.edu/~harmatam/,synthetic organic,,,https://www.organicdivision.org/organicsyntheticfaculty/
Christopher Spilling,Missouri – St. Louis,,http://www.umsl.edu/chemistry/Faculty/spilling.html,synthetic organic,,,https://www.organicdivision.org/organicsyntheticfaculty/
Alexei Demchenko,Missouri – St. Louis,,http://www.umsl.edu/~demchenkoa/Glycoworld.htm,synthetic organic,,,https://www.organicdivision.org/organicsyntheticfaculty/
Eike Bauer,Missouri – St. Louis,,http://www.eike-bauer.net/,synthetic organic,,,https://www.organicdivision.org/organicsyntheticfaculty/
Kevin Moeller,Washington University,,https://sites.wustl.edu/moellergroup/,synthetic organic,,,https://www.organicdivision.org/organicsyntheticfaculty/
Matthew Cook,Montana State,,https://cookresearchgroup.com/,synthetic organic,,,https://www.organicdivision.org/organicsyntheticfaculty/
Tom Livinghouse,Montana State,,http://www.chemistry.montana.edu/directory/1524327/thomas-livinghouse,synthetic organic,,,https://www.organicdivision.org/organicsyntheticfaculty/
Sharon Neufeldt,Montana State,,http://neufeldt-chemistry.com/,synthetic organic,,,https://www.organicdivision.org/organicsyntheticfaculty/
Nick Natale,Montana,,http://www.umt.edu/people/Natale,synthetic organic,,,https://www.organicdivision.org/organicsyntheticfaculty/
David Berkowitz,Nebraska,,http://chemweb.unl.edu/dbb/,synthetic organic,,,https://www.organicdivision.org/organicsyntheticfaculty/
Patrick Dussault,Nebraska,,https://chem.unl.edu/patrick-dussault,synthetic organic,,,https://www.organicdivision.org/organicsyntheticfaculty/
James Takacs,Nebraska,,https://chem.unl.edu/takacs-group,synthetic organic,,,https://www.organicdivision.org/organicsyntheticfaculty/
Amar Natarajan,University Nebraska Medical Center,,https://www.unmc.edu/eppley/about/faculty/natarajan.html,synthetic organic,,,https://www.organicdivision.org/organicsyntheticfaculty/
Christopher Jeffrey,"Nevada, Reno",,https://www.unr.edu/chemistry/faculty/christopher-jeffrey,synthetic organic,,,https://www.organicdivision.org/organicsyntheticfaculty/
Laina Geary,"Nevada, Reno",,https://lgeary.wixsite.com/gearylab,synthetic organic,,,https://www.organicdivision.org/organicsyntheticfaculty/
Jun Yong Kang,"Nevada, Las Vegas",,http://jkang.faculty.unlv.edu,synthetic organic,,,https://www.organicdivision.org/organicsyntheticfaculty/
Charles Zercher,New Hampshire,,https://ceps.unh.edu/person/charles-zercher,synthetic organic,,,https://www.organicdivision.org/organicsyntheticfaculty/
Gordon Gribble,Dartmouth,,https://chemistry.dartmouth.edu/people/gordon-wayne-gribble,synthetic organic,,,https://www.organicdivision.org/organicsyntheticfaculty/
David Glueck,Dartmouth,,https://chemistry.dartmouth.edu/people/david-s-glueck,synthetic organic,,,https://www.organicdivision.org/organicsyntheticfaculty/
Peter Jacobi,Dartmouth,,https://chemistry.dartmouth.edu/people/peter-alan-jacobi,synthetic organic,,,https://www.organicdivision.org/organicsyntheticfaculty/
Jimmy Wu,Dartmouth,,http://sites.dartmouth.edu/jimmywu/,synthetic organic,,,https://www.organicdivision.org/organicsyntheticfaculty/
Glenn Micalizio,Dartmouth,,https://chemistry.dartmouth.edu/people/glenn-c-micalizio,synthetic organic,,,https://www.organicdivision.org/organicsyntheticfaculty/
Joel Freundlich,Rutgers,,http://njms.rutgers.edu/departments/labs/freundlich/index.cfm,synthetic organic,,,https://www.organicdivision.org/organicsyntheticfaculty/
Spencer Knapp,Rutgers,,https://rutchem.rutgers.edu/research/faculty-research/167-knapp-spencer,synthetic organic,,,https://www.organicdivision.org/organicsyntheticfaculty/
Lawrence Williams,Rutgers,,https://rutchem.rutgers.edu/research/faculty-research/200-williams-lawrence-j,synthetic organic,,,https://www.organicdivision.org/organicsyntheticfaculty/
Michal Szostak,Rutgers – Newark,,https://szostakgroup.com/,synthetic organic,True,https://szostakgroup.com/,https://www.organicdivision.org/organicsyntheticfaculty/
Erik Sorensen,Princeton,,http://chemlabs.princeton.edu/sorensen/,synthetic organic,,,https://www.organicdivision.org/organicsyntheticfaculty/
David MacMillan,Princeton,,http://chemlabs.princeton.edu/macmillan/,synthetic organic,,,https://www.organicdivision.org/organicsyntheticfaculty/
Abigail Doyle,Princeton,,http://chemlabs.princeton.edu/doyle/,synthetic organic,,,https://www.organicdivision.org/organicsyntheticfaculty/
Robert Knowles,Princeton,,https://knowleslab.princeton.edu,synthetic organic,,,https://www.organicdivision.org/organicsyntheticfaculty/
James Herndon,New Mexico State,,http://chemistry.nmsu.edu/people/faculty/james-w-herndon/,synthetic organic,,,https://www.organicdivision.org/organicsyntheticfaculty/
William Maio,New Mexico State,,https://wordpress.nmsu.edu/wmaio/,synthetic organic,,,https://www.organicdivision.org/organicsyntheticfaculty/
Samuel Danishefsky,Columbia,,https://www.mskcc.org/research/ski/labs/samuel-danishefsky,synthetic organic,,,https://www.organicdivision.org/organicsyntheticfaculty/
James Leighton,Columbia,,http://www.columbia.edu/cu/chemistry/groups/leighton/index.html,synthetic organic,,,https://www.organicdivision.org/organicsyntheticfaculty/
Dalibor Sames,Columbia,,http://www.columbia.edu/cu/chemistry/groups/sames/index.html,synthetic organic,,,https://www.organicdivision.org/organicsyntheticfaculty/
Tristan Lambert,Columbia,,http://www.columbia.edu/cu/chemistry/groups/lambert/,synthetic organic,,,https://www.organicdivision.org/organicsyntheticfaculty/
Tom Rovis,Columbia,,https://rovisresearch.wordpress.com,synthetic organic,,,https://www.organicdivision.org/organicsyntheticfaculty/
Derek Tan,Sloan-Kettering,,https://www.mskcc.org/research/ski/labs/derek-tan,synthetic organic,,,https://www.organicdivision.org/organicsyntheticfaculty/
Geoffrey Coates,Cornell,,http://coates.chem.cornell.edu,synthetic organic,,,https://www.organicdivision.org/organicsyntheticfaculty/
Song Lin,Cornell,,http://songlin.chem.cornell.edu/,synthetic organic,,,https://www.organicdivision.org/organicsyntheticfaculty/
Alison Frontier,Rochester,,http://www.sas.rochester.edu/chm/groups/frontier/index.html,synthetic organic,,,https://www.organicdivision.org/organicsyntheticfaculty/
Benjamin Miller,Rochester Medical,,https://www.urmc.rochester.edu/labs/benjamin-miller.aspx,synthetic organic,,,https://www.organicdivision.org/organicsyntheticfaculty/
Eriks Rozners,"Binghamton University, SUNY",,http://chemiris.chem.binghamton.edu/ROZNERS/rozners.htm,synthetic organic,,,https://www.organicdivision.org/organicsyntheticfaculty/
Steven Diver,"University at Buffalo, SUNY",,https://arts-sciences.buffalo.edu/chemistry/faculty/faculty-directory/diver.html,synthetic organic,,,https://www.organicdivision.org/organicsyntheticfaculty/
Sherry Chemler,"University at Buffalo, SUNY",,http://www.acsu.buffalo.edu/~schemler/,synthetic organic,,,https://www.organicdivision.org/organicsyntheticfaculty/
Ming-Yu Ngai,"Stony Brook University, SUNY",,https://www.ngaigroup.com/p/home.html,synthetic organic,,,https://www.organicdivision.org/organicsyntheticfaculty/
Iwao Ojima,"Stony Brook University, SUNY",,https://www.stonybrook.edu/commcms/ojima_group/,synthetic organic,,,https://www.organicdivision.org/organicsyntheticfaculty/
Kathlyn Parker,"Stony Brook University, SUNY",,https://www.stonybrook.edu/commcms/chemistry/faculty/_faculty-profiles/parker-kathy,synthetic organic,,,https://www.organicdivision.org/organicsyntheticfaculty/
Ting Wang,"University at Albany, SUNY",,https://www.albany.edu/twanglab/,synthetic organic,,,https://www.organicdivision.org/organicsyntheticfaculty/
Zhang Wang,"University at Albany, SUNY",,https://zwang9.wixsite.com/orgsyn,synthetic organic,,,https://www.organicdivision.org/organicsyntheticfaculty/
John Welch,"University at Albany, SUNY",,https://sites.google.com/site/welchresearchlab/,synthetic organic,,,https://www.organicdivision.org/organicsyntheticfaculty/
Qiang Zhang,"University at Albany, SUNY",,https://www.albany.edu/zhanggroup/,synthetic organic,,,https://www.organicdivision.org/organicsyntheticfaculty/
David Mootoo,Hunter College,,http://www.hunter.cuny.edu/chemistry/faculty/Mootoo/Randy,synthetic organic,,,https://www.organicdivision.org/organicsyntheticfaculty/
Wayne Harding,Hunter College,,http://www.hunter.cuny.edu/chemistry/faculty/Harding/Wayne,synthetic organic,,,https://www.organicdivision.org/organicsyntheticfaculty/
Shengping Zheng,Hunter College,,http://www.hunter.cuny.edu/chemistry/faculty/Zheng/Shengping,synthetic organic,,,https://www.organicdivision.org/organicsyntheticfaculty/
Keith Woerpel,NYU,,https://wp.nyu.edu/woerpelgroup/,synthetic organic,,,https://www.organicdivision.org/organicsyntheticfaculty/
Paramjit Arora,NYU,,http://www.nyu.edu/projects/arora/index.html,synthetic organic,,,https://www.organicdivision.org/organicsyntheticfaculty/
Tianning Diao,NYU,,https://as.nyu.edu/content/nyu-as/as/faculty/tianning-diao.html,synthetic organic,,,https://www.organicdivision.org/organicsyntheticfaculty/
Dirk Trauner,NYU,,https://www.traunergroup.org,synthetic organic,,,https://www.organicdivision.org/organicsyntheticfaculty/
Stacey Brenner,CUNY – Brooklyn College,,http://academic.brooklyn.cuny.edu/chem/Brenner/webpage2.html,synthetic organic,,,https://www.organicdivision.org/organicsyntheticfaculty/
Maria Contel,CUNY – Brooklyn College,,http://www.brooklyn.cuny.edu/web/academics/schools/naturalsciences/undergraduate/chemistry/faculty_details.php?faculty=136,synthetic organic,,,https://www.organicdivision.org/organicsyntheticfaculty/
Alexander Greer,CUNY – Brooklyn College,,http://academic.brooklyn.cuny.edu/chem/agreer/FirstPage.html,synthetic organic,,,https://www.organicdivision.org/organicsyntheticfaculty/
Ryan Murelli,CUNY – Brooklyn College,,http://userhome.brooklyn.cuny.edu/rpmurelli/,synthetic organic,,,https://www.organicdivision.org/organicsyntheticfaculty/
John Chisholm,Syracuse,,https://thecollege.syr.edu/people/faculty/chisholm-john-d/,synthetic organic,,,https://www.organicdivision.org/organicsyntheticfaculty/
Nancy Totah,Syracuse,,https://thecollege.syr.edu/people/faculty/totah-nancy-i/,synthetic organic,,,https://www.organicdivision.org/organicsyntheticfaculty/
Mark Biscoe,CCNY,,http://mbiscoe.ccny.cuny.edu,synthetic organic,,,https://www.organicdivision.org/organicsyntheticfaculty/
Mahesh Lakshman,CCNY,,https://www.ccny.cuny.edu/profiles/mahesh-lakshman,synthetic organic,,,https://www.organicdivision.org/organicsyntheticfaculty/
Barbara Zajc,CCNY,,https://bzajc.ccny.cuny.edu,synthetic organic,,,https://www.organicdivision.org/organicsyntheticfaculty/
Jiyong Hong,Duke,,https://sites.duke.edu/thehonggroup/,synthetic organic,,,https://www.organicdivision.org/organicsyntheticfaculty/
Steven Malcolmson,Duke,,http://malcolmsongroup.chem.duke.edu/,synthetic organic,,,https://www.organicdivision.org/organicsyntheticfaculty/
Jennifer Roizen,Duke,,https://people.chem.duke.edu/~jlr67/,synthetic organic,,,https://www.organicdivision.org/organicsyntheticfaculty/
Ross Widenhoefer,Duke,,https://chem.duke.edu/labs/widenhoefer/overview,synthetic organic,,,https://www.organicdivision.org/organicsyntheticfaculty/
Qiu Wang,Duke,,http://www.duke.edu/~qw29/wang_group/,synthetic organic,,,https://www.organicdivision.org/organicsyntheticfaculty/
Vincent Lindsay,NC State,,http://lindsaylab.com,synthetic organic,,,https://www.organicdivision.org/organicsyntheticfaculty/
Jonathan Lindsey,NC State,,https://sites.google.com/a/ncsu.edu/lindsey-lab/,synthetic organic,,,https://www.organicdivision.org/organicsyntheticfaculty/
Joshua Pierce,NC State,,https://piercegroup.wordpress.ncsu.edu,synthetic organic,,,https://www.organicdivision.org/organicsyntheticfaculty/
Caroline Proulx,NC State,,https://www.proulxlab.com/,synthetic organic,,,https://www.organicdivision.org/organicsyntheticfaculty/
Erik Alexanian,UNC Chapel Hill,,http://alexanian.chem.unc.edu,synthetic organic,,,https://www.organicdivision.org/organicsyntheticfaculty/
Jeffrey Aubé,UNC Chapel Hill,,https://chem.unc.edu/faculty/Aube-Jeff/,synthetic organic,,,https://www.organicdivision.org/organicsyntheticfaculty/
Michael Crimmins,UNC Chapel Hill,,https://chem.unc.edu/faculty/Crimmins-Michael/,synthetic organic,,,https://www.organicdivision.org/organicsyntheticfaculty/
Michel Gagné,UNC Chapel Hill,,http://gagnegroup.web.unc.edu,synthetic organic,,,https://www.organicdivision.org/organicsyntheticfaculty/
Jeff Johnson,UNC Chapel Hill,,https://sites.google.com/view/jsjresearchgroup/home,synthetic organic,,,https://www.organicdivision.org/organicsyntheticfaculty/
Simon Meek,UNC Chapel Hill,,https://sites.google.com/view/meeklab/,synthetic organic,,,https://www.organicdivision.org/organicsyntheticfaculty/
David Nicewicz,UNC Chapel Hill,,http://nicewicz.chem.unc.edu/,synthetic organic,,,https://www.organicdivision.org/organicsyntheticfaculty/
Mark Welker,Wake Forest,,https://chemistry.wfu.edu/people/faculty/mark-welker/,synthetic organic,,,https://www.organicdivision.org/organicsyntheticfaculty/
Bruce King,Wake Forest,,https://kinglab.chemistry.wfu.edu,synthetic organic,,,https://www.organicdivision.org/organicsyntheticfaculty/
Mitchell Croatt,UNC Greensboro,,https://chem.uncg.edu/croatt/,synthetic organic,,,https://www.organicdivision.org/organicsyntheticfaculty/
Kimberley Petersen,UNC Greensboro,,https://chem.uncg.edu/petersen/,synthetic organic,,,https://www.organicdivision.org/organicsyntheticfaculty/
Greg Cook,North Dakota State,,http://cook.chem.ndsu.nodak.edu/,synthetic organic,,,https://www.organicdivision.org/organicsyntheticfaculty/
Mukund Sibi,North Dakota State,,https://www.ndsu.edu/chemistry/people/faculty/sibi.html,synthetic organic,,,https://www.organicdivision.org/organicsyntheticfaculty/
Robert Salomon,Case Western,,https://case.edu/artsci/chem/faculty/salomon/,synthetic organic,,,https://www.organicdivision.org/organicsyntheticfaculty/
Craig Forsyth,Ohio State,,https://chemistry.osu.edu/people/forsyth.14,synthetic organic,,,https://www.organicdivision.org/organicsyntheticfaculty/
David Nagib,Ohio State,,https://research.cbc.osu.edu/nagib.1/,synthetic organic,,,https://www.organicdivision.org/organicsyntheticfaculty/
Jon Parquette,Ohio State,,https://research.cbc.osu.edu/parquette.1/,synthetic organic,,,https://www.organicdivision.org/organicsyntheticfaculty/
T. V. Rajanbabu,Ohio State,,https://research.cbc.osu.edu/rajanbabu.1/,synthetic organic,,,https://www.organicdivision.org/organicsyntheticfaculty/
Blake Peterson,Ohio State – College of Pharmacy,,https://pharmacy.osu.edu/directory/blake-r-peterson,synthetic organic,,,https://www.organicdivision.org/organicsyntheticfaculty/
Stephen Bergmeier,Ohio University,,https://www.ohio.edu/cas/bergmeis,synthetic organic,,,https://www.organicdivision.org/organicsyntheticfaculty/
Mark McMills,Ohio University,,https://www.ohio.edu/cas/mcmills,synthetic organic,,,https://www.organicdivision.org/organicsyntheticfaculty/
Benjamin Gung,Miami-Ohio,,http://chemistry.muohio.edu/gung/,synthetic organic,,,https://www.organicdivision.org/organicsyntheticfaculty/
Peter Andreana,University of Toledo,,https://www.andreanagroup.com,synthetic organic,,,https://www.organicdivision.org/organicsyntheticfaculty/
Wei Li,University of Toledo,,https://wei-li-jgtz.squarespace.com/,synthetic organic,,,https://www.organicdivision.org/organicsyntheticfaculty/
Steven Shucheck,University of Toledo,,http://sucheckgroup.com/,synthetic organic,,,https://www.organicdivision.org/organicsyntheticfaculty/
Michael Young,University of Toledo,,https://www.younggroupchem.com/,synthetic organic,,,https://www.organicdivision.org/organicsyntheticfaculty/
Jianglong Zhu,University of Toledo,,https://www.utoledo.edu/nsm/chemistry/people/Webpages/Zhu.html,synthetic organic,,,https://www.organicdivision.org/organicsyntheticfaculty/
Kenneth Nicholas,Oklahoma,,http://www.ou.edu/content/cas/chemistry/directory/faculty/kenneth-nicholas.html,synthetic organic,,,https://www.organicdivision.org/organicsyntheticfaculty/
Adam Duerfeldt,Oklahoma,,http://www.duerfeldtlabs.com/,synthetic organic,,,https://www.organicdivision.org/organicsyntheticfaculty/
Anthony Burgett,Oklahoma,,https://www.burgettresearchgroup.org,synthetic organic,,,https://www.organicdivision.org/organicsyntheticfaculty/
Indrajeet Sharma,Oklahoma,,https://indrajeetsharma.com/,synthetic organic,,,https://www.organicdivision.org/organicsyntheticfaculty/
Richard Bunce,Oklahoma State,,http://chemistry.okstate.edu/bios/348-faculty-member-bio-bunce,synthetic organic,,,https://www.organicdivision.org/organicsyntheticfaculty/
Toby Nelson,Oklahoma State,,https://nelsonlab.okstate.edu/,synthetic organic,,,https://www.organicdivision.org/organicsyntheticfaculty/
Jimmie Pitre,Oklahoma State,,http://pitrelab.okstate.edu/,synthetic organic,,,https://www.organicdivision.org/organicsyntheticfaculty/
Jimmie Weaver,Oklahoma State,,http://weaverlab.okstate.edu/,synthetic organic,,,https://www.organicdivision.org/organicsyntheticfaculty/
Syed Hussaini,University of Tulsa,,http://hussaini.ens.utulsa.edu/,synthetic organic,,,https://www.organicdivision.org/organicsyntheticfaculty/
James White,Oregon State,,http://chemistry.oregonstate.edu/white/,synthetic organic,,,https://www.organicdivision.org/organicsyntheticfaculty/
Rich Carter,Oregon State,,https://carterlab.oregonstate.edu/,synthetic organic,,,https://www.organicdivision.org/organicsyntheticfaculty/
Paul Blakemore,Oregon State,,http://chemistry.oregonstate.edu/blakemore/,synthetic organic,,,https://www.organicdivision.org/organicsyntheticfaculty/
Chris Beaudry,Oregon State,,https://beaudry.chem.oregonstate.edu,synthetic organic,,,https://www.organicdivision.org/organicsyntheticfaculty/
Michael Haley,Oregon,,http://darkwing.uoregon.edu/%7Echem/haley.html,synthetic organic,,,https://www.organicdivision.org/organicsyntheticfaculty/
David Stuart,Portland State University,,http://web.pdx.edu/~dstuart/index.html,synthetic organic,,,https://www.organicdivision.org/organicsyntheticfaculty/
Marisa Kozlowski,Pennsylvania,,http://www.sas.upenn.edu/%7Emarisa/,synthetic organic,,,https://www.organicdivision.org/organicsyntheticfaculty/
Gary Molander,Pennsylvania,,http://molandergroup.chem.upenn.edu/,synthetic organic,,,https://www.organicdivision.org/organicsyntheticfaculty/
Amos Smith,Pennsylvania,,http://web.sas.upenn.edu/smithgroup/,synthetic organic,,,https://www.organicdivision.org/organicsyntheticfaculty/
Jeffrey Winkler,Pennsylvania,,http://www.chem.upenn.edu/profile/jeffrey-d-winkler,synthetic organic,,,https://www.organicdivision.org/organicsyntheticfaculty/
Ramesh Giri,Penn State,,https://sites.psu.edu/girigroup/ramesh-giri-principal-investigator/,synthetic organic,,,https://www.organicdivision.org/organicsyntheticfaculty/
Eric Nacsa,Penn State,,https://science.psu.edu/chem/people/edn5056,synthetic organic,,,https://www.organicdivision.org/organicsyntheticfaculty/
Kay Brummond,Pittsburgh,,https://www.chem.pitt.edu/person/kay-m-brummond,synthetic organic,,,https://www.organicdivision.org/organicsyntheticfaculty/
Dennis Curran,Pittsburgh,,https://www.chem.pitt.edu/person/dennis-curran,synthetic organic,,,https://www.organicdivision.org/organicsyntheticfaculty/
Alexander Deiters,Pittsburgh,,http://www.pitt.edu/~deiters/index.html,synthetic organic,,,https://www.organicdivision.org/organicsyntheticfaculty/
Paul Floreancig,Pittsburgh,,https://floreancig.weebly.com/,synthetic organic,,,https://www.organicdivision.org/organicsyntheticfaculty/
Kazunori Koide,Pittsburgh,,https://www.chem.pitt.edu/person/kazunori-koide,synthetic organic,True,https://www.chem.pitt.edu/person/kazunori-koide,https://www.organicdivision.org/organicsyntheticfaculty/
Xinyu Liu,Pittsburgh,,http://www.pitt.edu/~xinyuliu/lab/Home.html,synthetic organic,,,https://www.organicdivision.org/organicsyntheticfaculty/
Yiming Wang,Pittsburgh,,https://www.wanglab.chem.pitt.edu/,synthetic organic,,,https://www.organicdivision.org/organicsyntheticfaculty/
Peter Wipf,Pittsburgh,,http://ccc.chem.pitt.edu/wipf/index.html,synthetic organic,,,https://www.organicdivision.org/organicsyntheticfaculty/
Franklin Davis,Temple,,https://chem.cst.temple.edu/davis.html,synthetic organic,,,https://www.organicdivision.org/organicsyntheticfaculty/
Scott Sieburth,Temple,,https://sites.temple.edu/sieburthlab/,synthetic organic,,,https://www.organicdivision.org/organicsyntheticfaculty/
Rodrigo Andrade,Temple,,https://sites.temple.edu/andradelab/,synthetic organic,,,https://www.organicdivision.org/organicsyntheticfaculty/
Sarah Wengryniuk,Temple,,https://wengryniuklab.weebly.com/,synthetic organic,,,https://www.organicdivision.org/organicsyntheticfaculty/
Fraser Fleming,Drexel,,http://www.pages.drexel.edu/~fff27/,synthetic organic,,,https://www.organicdivision.org/organicsyntheticfaculty/
Dionicio Martinez,Drexel,,https://drexel.edu/coas/faculty-research/faculty-directory/dionicio-martinez-solorio/,synthetic organic,,,https://www.organicdivision.org/organicsyntheticfaculty/
William Malachowski,Bryn Mawr,,http://malachowski.blogs.brynmawr.edu,synthetic organic,,,https://www.organicdivision.org/organicsyntheticfaculty/
Robert Flowers,Lehigh,,http://flowersgroup.cas2.lehigh.edu,synthetic organic,,,https://www.organicdivision.org/organicsyntheticfaculty/
David Vicic,Lehigh,,http://vicic.cas2.lehigh.edu/,synthetic organic,,,https://www.organicdivision.org/organicsyntheticfaculty/
David Lapinsky,Duquesne,,http://www.duq.edu/academics/faculty/david-lapinsky,synthetic organic,,,https://www.organicdivision.org/organicsyntheticfaculty/
John Soderquist,Puerto Rico,,http://chemistry.uprrp.edu/people/faculty/john-a-soderquist,synthetic organic,,,https://www.organicdivision.org/organicsyntheticfaculty/
Amit Basu,Brown,,https://vivo.brown.edu/display/abasu#,synthetic organic,,,https://www.organicdivision.org/organicsyntheticfaculty/
Paul Williard,Brown,,https://www.brown.edu/academics/chemistry/people/faculty/paul-g-williard,synthetic organic,,,https://www.organicdivision.org/organicsyntheticfaculty/
Christopher Seto,Brown,,http://casey.brown.edu/chemistry/research/seto/,synthetic organic,,,https://www.organicdivision.org/organicsyntheticfaculty/
Brenton DeBoef,Rhode Island,,https://www.chm.uri.edu/deboefDevel/wordpress/,synthetic organic,,,https://www.organicdivision.org/organicsyntheticfaculty/
Sheryl Wiskur,South Carolina,,http://artsandsciences.sc.edu/chemistry/groups/wiskur/,synthetic organic,,,https://www.organicdivision.org/organicsyntheticfaculty/
Daniel Whitehead,Clemson,,http://www.clemson.edu/science/departments/chemistry/people/faculty/whitehead.html,synthetic organic,,,https://www.organicdivision.org/organicsyntheticfaculty/
David Baker,Tennessee,,https://chem.utk.edu/people/david-c-baker/,synthetic organic,,,https://www.organicdivision.org/organicsyntheticfaculty/
Ampofo Darko,Tennessee,,https://darkolab.utk.edu,synthetic organic,,,https://www.organicdivision.org/organicsyntheticfaculty/
Michio Kurosu,Tennessee Health Science Center,,https://academic.uthsc.edu/faculty/facepage.php?netID=mkurosu&personnel_id=287119,synthetic organic,,,https://www.organicdivision.org/organicsyntheticfaculty/
Carmelo Rizzo,Vanderbilt,,https://www.vanderbilt.edu:443/chemistry/faculty/rizzo.php,synthetic organic,,,https://www.organicdivision.org/organicsyntheticfaculty/
Gary Sulikowski,Vanderbilt,,https://lab.vanderbilt.edu/sulikowski-lab/,synthetic organic,,,https://www.organicdivision.org/organicsyntheticfaculty/
Jeffrey Johnston,Vanderbilt,,http://www.johnstonchemistry.org/,synthetic organic,,,https://www.organicdivision.org/organicsyntheticfaculty/
Craig Lindsley,Vanderbilt,,https://lab.vanderbilt.edu/lindsleylab/,synthetic organic,True,https://lab.vanderbilt.edu/lindsleylab/,https://www.organicdivision.org/organicsyntheticfaculty/
Steven Townsend,Vanderbilt,,https://www.townsendchemistry.org,synthetic organic,,,https://www.organicdivision.org/organicsyntheticfaculty/
Richard Lee,St. Jude Children’s Research Hospital,,https://www.stjuderesearch.org/site/lab/lee,synthetic organic,,,https://www.organicdivision.org/organicsyntheticfaculty/
Fatima Rivas,St. Jude Children’s Research Hospital,,https://www.stjuderesearch.org/site/lab/rivas,synthetic organic,,,https://www.organicdivision.org/organicsyntheticfaculty/
Bob Kane,Baylor,,http://bobkanelab.com/,synthetic organic,,,https://www.organicdivision.org/organicsyntheticfaculty/
Kevin Pinney,Baylor,,https://sites.baylor.edu/pinneygroup/,synthetic organic,,,https://www.organicdivision.org/organicsyntheticfaculty/
Liela Romero,Baylor,,http://theromerolab.com,synthetic organic,True,http://theromerolab.com,https://www.organicdivision.org/organicsyntheticfaculty/
Daniel Romo,Baylor,,http://www.danielromogroup.com,synthetic organic,True,https://baylorcpritlab.com/,https://www.organicdivision.org/organicsyntheticfaculty/
John Wood,Baylor,,https://www.johnwoodgroup.com,synthetic organic,,,https://www.organicdivision.org/organicsyntheticfaculty/
Jef De Brabander,UT Southwestern Medical,,http://www4.utsouthwestern.edu/jdebralab/,synthetic organic,,,https://www.organicdivision.org/organicsyntheticfaculty/
Joseph Ready,UT Southwestern Medical,,https://www.utsouthwestern.edu/labs/ready/,synthetic organic,,,https://www.organicdivision.org/organicsyntheticfaculty/
Chuo Chen,UT Southwestern Medical,,http://www4.utsouthwestern.edu/chuochen/,synthetic organic,,,https://www.organicdivision.org/organicsyntheticfaculty/
Uttam Tambar,UT Southwestern Medical,,https://www.utsouthwestern.edu/labs/tambar/,synthetic organic,True,https://www.utsouthwestern.edu/labs/tambar/,https://www.organicdivision.org/organicsyntheticfaculty/
Tian Qin,UT Southwestern Medical,,https://www.utsouthwestern.edu/labs/qin/,synthetic organic,,,https://www.organicdivision.org/organicsyntheticfaculty/
Myles Smith,UT Southwestern Medical,,https://www.utsouthwestern.edu/labs/smith-myles/,synthetic organic,,,https://www.organicdivision.org/organicsyntheticfaculty/
Kevin Burgess,Texas A & M,,https://www.chem.tamu.edu/rgroup/burgess/,synthetic organic,,,https://www.organicdivision.org/organicsyntheticfaculty/
Carl Lovely,Texas – Arlington,,https://www.uta.edu/chemistry/faculty/carl_lovely.php,synthetic organic,,,https://www.organicdivision.org/organicsyntheticfaculty/
Frank Foss,Texas – Arlington,,http://www.uta.edu/faculty/ffoss/,synthetic organic,,,https://www.organicdivision.org/organicsyntheticfaculty/
Junha Jeon,Texas – Arlington,,https://www.uta.edu/chemistry/faculty/junha_jeon.php,synthetic organic,,,https://www.organicdivision.org/organicsyntheticfaculty/
Alejandro Bugarin,Texas – Arlington,,http://www.uta.edu/faculty/bugarin/AB_UTA/Home.html,synthetic organic,,,https://www.organicdivision.org/organicsyntheticfaculty/
Hyunsoo Han,Texas – San Antonio,,https://chemistry.utsa.edu/archives/853,synthetic organic,,,https://www.organicdivision.org/organicsyntheticfaculty/
George Negrete,Texas – San Antonio,,https://chemistry.utsa.edu/archives/878,synthetic organic,,,https://www.organicdivision.org/organicsyntheticfaculty/
Oleg Larionov,Texas – San Antonio,,http://larionovgroup.com/,synthetic organic,,,https://www.organicdivision.org/organicsyntheticfaculty/
John C.-G. Zhao,Texas – San Antonio,,https://chemistry.utsa.edu/archives/897,synthetic organic,,,https://www.organicdivision.org/organicsyntheticfaculty/
Doug Frantz,Texas – San Antonio,,https://chemistry.utsa.edu/frantzlab/dr-frantz/,synthetic organic,,,https://www.organicdivision.org/organicsyntheticfaculty/
Michael Doyle,Texas – San Antonio,,https://chemistry.utsa.edu/doylelab/,synthetic organic,,,https://www.organicdivision.org/organicsyntheticfaculty/
Shizue Mito,Texas – El Paso,,http://utminers.utep.edu/smito2/research.html,synthetic organic,,,https://www.organicdivision.org/organicsyntheticfaculty/
Jung-Mo Ahn,Texas – Dallas,,https://labs.utdallas.edu/ahn/,synthetic organic,,,https://www.organicdivision.org/organicsyntheticfaculty/
Vladimir Gevorgyan,Texas – Dallas,,https://labs.utdallas.edu/gevorgyan-group/,synthetic organic,,,https://www.organicdivision.org/organicsyntheticfaculty/
Eric Welin,Texas – Dallas,,https://profiles.utdallas.edu/ewelin,synthetic organic,True,https://jobs.utdallas.edu/postings/14133,https://www.organicdivision.org/organicsyntheticfaculty/
Zachary Ball,Rice,,http://www.ztb.rice.edu/index.html,synthetic organic,,,https://www.organicdivision.org/organicsyntheticfaculty/
K. C. Nicolaou,Rice,,http://nicolaou.rice.edu,synthetic organic,,,https://www.organicdivision.org/organicsyntheticfaculty/
László Kürti,Rice,,http://kurtilabs.com/,synthetic organic,,,https://www.organicdivision.org/organicsyntheticfaculty/
Julian West,Rice,,http://westchem.org,synthetic organic,,,https://www.organicdivision.org/organicsyntheticfaculty/
Kami Hull,Texas – Austin,,https://sites.google.com/utexas.edu/thehullgroup/home,synthetic organic,,,https://www.organicdivision.org/organicsyntheticfaculty/
Michael Krische,Texas – Austin,,https://sites.google.com/a/utexas.edu/the-krische-research-group/home,synthetic organic,,,https://www.organicdivision.org/organicsyntheticfaculty/
Stephen Martin,Texas – Austin,,https://sfmartin.cm.utexas.edu/,synthetic organic,,,https://www.organicdivision.org/organicsyntheticfaculty/
Guigen Li,Texas Tech,,http://www.depts.ttu.edu/chemistry/Faculty/li/index.php,synthetic organic,,,https://www.organicdivision.org/organicsyntheticfaculty/
Michael Mayer,Texas Tech,,http://www.depts.ttu.edu/chemistry/Faculty/mayer/index.php,synthetic organic,,,https://www.organicdivision.org/organicsyntheticfaculty/
Jean-Luc Montchamp,Texas Christian,,http://personal.tcu.edu/jmontchamp/montchamp.htm,synthetic organic,,,https://www.organicdivision.org/organicsyntheticfaculty/
Olafs Daugulis,Houston,,http://olafs.chem.uh.edu/,synthetic organic,,,https://www.organicdivision.org/organicsyntheticfaculty/
Ognjen Miljanic,Houston,,http://nsmn1.uh.edu/miljanic/,synthetic organic,,,https://www.organicdivision.org/organicsyntheticfaculty/
Jeremy May,Houston,,http://may.chem.uh.edu/,synthetic organic,,,https://www.organicdivision.org/organicsyntheticfaculty/
Scott Gilbertson,Houston,,https://srgilber.wixsite.com/mysite,synthetic organic,,,https://www.organicdivision.org/organicsyntheticfaculty/
Greg Cuny,Houston,,http://www.uh.edu/pharmacy/directory-home/pps-faculty/greg-cuny/index.php,synthetic organic,,,https://www.organicdivision.org/organicsyntheticfaculty/
Sergei Dzyuba,Texas Christian,,http://personal.tcu.edu/sdzyuba/HOME.html,synthetic organic,,,https://www.organicdivision.org/organicsyntheticfaculty/
Eric Simanek,Texas Christian,,http://ericsimanek.com/,synthetic organic,,,https://www.organicdivision.org/organicsyntheticfaculty/
Merritt Andrus,Brigham Young,,http://www.chem.byu.edu/faculty/merritt-b-andrus/,synthetic organic,,,https://www.organicdivision.org/organicsyntheticfaculty/
Steven Castle,Brigham Young,,http://www.chem.byu.edu/faculty/steven-l-castle/,synthetic organic,,,https://www.organicdivision.org/organicsyntheticfaculty/
Matt Peterson,Brigham Young,,http://www.chem.byu.edu/faculty/matt-a-peterson/,synthetic organic,,,https://www.organicdivision.org/organicsyntheticfaculty/
Paul Savage,Brigham Young,,http://www.chem.byu.edu/faculty/paul-b-savage/,synthetic organic,,,https://www.organicdivision.org/organicsyntheticfaculty/
David Michaelis,Brigham Young,,http://www.chem.byu.edu/faculty/david-j-michaelis/,synthetic organic,,,https://www.organicdivision.org/organicsyntheticfaculty/
Gary Keck,Utah,,http://www.chem.utah.edu/directory/keck.php,synthetic organic,,,https://www.organicdivision.org/organicsyntheticfaculty/
Matthew Sigman,Utah,,http://www.chem.utah.edu/directory/sigman/research-group/index.php,synthetic organic,,,https://www.organicdivision.org/organicsyntheticfaculty/
Janis Louie,Utah,,http://www.chem.utah.edu/directory/louie/research-group/index.php,synthetic organic,,,https://www.organicdivision.org/organicsyntheticfaculty/
Ryan Looper,Utah,,http://www.chem.utah.edu/directory/looper/research-group/index.php,synthetic organic,,,https://www.organicdivision.org/organicsyntheticfaculty/
Jon Rainier,Utah,,http://www.chem.utah.edu/directory/rainier/research-group/index.php,synthetic organic,,,https://www.organicdivision.org/organicsyntheticfaculty/
Bradley Davidson,Utah State,,https://chem.usu.edu/faculty_staff/faculty/bradley_s_davidson,synthetic organic,,,https://www.organicdivision.org/organicsyntheticfaculty/
Tom Chang,Utah State,,http://ion.chem.usu.edu/~tchang/,synthetic organic,,,https://www.organicdivision.org/organicsyntheticfaculty/
Jose Madalengoitia,Vermont,,https://www.uvm.edu/cas/chemistry/profiles/jose-s-madalengoitia,synthetic organic,,,https://www.organicdivision.org/organicsyntheticfaculty/
Matthias Brewer,Vermont,,https://www.uvm.edu/cas/chemistry/profiles/matthias-brewer,synthetic organic,,,https://www.organicdivision.org/organicsyntheticfaculty/
Dean Harman,Virginia,,https://sites.google.com/view/the-harman-lab-uva/home,synthetic organic,,,https://www.organicdivision.org/organicsyntheticfaculty/
T. Brent Gunnoe,Virginia,,https://gunnoelab.virginia.edu/,synthetic organic,,,https://www.organicdivision.org/organicsyntheticfaculty/
Michael Hilinski,Virginia,,http://www.hilinskilab.com/,synthetic organic,,,https://www.organicdivision.org/organicsyntheticfaculty/
Lin Pu,Virginia,,https://chemistry.as.virginia.edu/people/profile/lp6n,synthetic organic,,,https://www.organicdivision.org/organicsyntheticfaculty/
Paul Carlier,Virginia Tech,,https://www.carlierlab.com,synthetic organic,,,https://www.organicdivision.org/organicsyntheticfaculty/
Felicia Etzkorn,Virginia Tech,,https://chem.vt.edu/people/faculty/teaching-and-research/fetzkorn.html,synthetic organic,,,https://www.organicdivision.org/organicsyntheticfaculty/
David Kingston,Virginia Tech,,http://www.kingston.chem.vt.edu/,synthetic organic,,,https://www.organicdivision.org/organicsyntheticfaculty/
Webster Santos,Virginia Tech,,http://www.santosgroup.chem.vt.edu/,synthetic organic,,,https://www.organicdivision.org/organicsyntheticfaculty/
Kyle Lambert,Old Dominion University,,https://sites.wp.odu.edu/thelambertgroup/,synthetic organic,,,https://www.organicdivision.org/organicsyntheticfaculty/
Guijun Wang,Old Dominion University,,https://sites.google.com/a/odu.edu/wang-group/,synthetic organic,,,https://www.organicdivision.org/organicsyntheticfaculty/
Ming Xian,Washington State,,http://xian.chem.wsu.edu/,synthetic organic,,,https://www.organicdivision.org/organicsyntheticfaculty/
Phil Garner,Washington State,,http://garner.chem.wsu.edu/home,synthetic organic,,,https://www.organicdivision.org/organicsyntheticfaculty/
Forrest Michael,Washington,,http://depts.washington.edu/chem/people/faculty/michael.html,synthetic organic,,,https://www.organicdivision.org/organicsyntheticfaculty/
Gojko Lalic,Washington,,http://faculty.washington.edu/lalic/,synthetic organic,,,https://www.organicdivision.org/organicsyntheticfaculty/
Cynthia Dowd,George Washington,,http://home.gwu.edu/%7Ecdowd/,synthetic organic,,,https://www.organicdivision.org/organicsyntheticfaculty/
Christian Wolf,Georgetown University,,https://www.thewolfgrouponline.com/,synthetic organic,,,https://www.organicdivision.org/organicsyntheticfaculty/
Gregory Dudley,West Virginia,,http://www.dudleychemistry.org/,synthetic organic,,,https://www.organicdivision.org/organicsyntheticfaculty/
Jessica Hoover,West Virginia,,https://www.chemistry.wvu.edu/directory/associate-professor/jessica-hoover,synthetic organic,,,https://www.organicdivision.org/organicsyntheticfaculty/
Brian Popp,West Virginia,,http://community.wvu.edu/~bvpopp/1/Home.html,synthetic organic,,,https://www.organicdivision.org/organicsyntheticfaculty/
Björn Söderberg,West Virginia,,https://www.chemistry.wvu.edu/directory/professors/bjorn-soderberg,synthetic organic,,,https://www.organicdivision.org/organicsyntheticfaculty/
Kung Wang,West Virginia,,https://www.chemistry.wvu.edu/directory/professors/kung-wang,synthetic organic,,,https://www.organicdivision.org/organicsyntheticfaculty/
Helen Blackwell,Wisconsin,,https://blackwell.chem.wisc.edu/,synthetic organic,,,https://www.organicdivision.org/organicsyntheticfaculty/
AJ Boydston,Wisconsin,,https://boydston.chem.wisc.edu/,synthetic organic,,,https://www.organicdivision.org/organicsyntheticfaculty/
Sam Gellman,Wisconsin,,http://gellman.chem.wisc.edu/,synthetic organic,,,https://www.organicdivision.org/organicsyntheticfaculty/
Jennifer Golden,Wisconsin,,https://pharmacy.wisc.edu/golden-lab/,synthetic organic,,,https://www.organicdivision.org/organicsyntheticfaculty/
Richard Hsung,Wisconsin,,https://pharmacy.wisc.edu/hsung-group/,synthetic organic,,,https://www.organicdivision.org/organicsyntheticfaculty/
Clark Landis,Wisconsin,,http://landis.chem.wisc.edu/,synthetic organic,,,https://www.organicdivision.org/organicsyntheticfaculty/
Jeff Martell,Wisconsin,,https://martellgroup.chem.wisc.edu/,synthetic organic,,,https://www.organicdivision.org/organicsyntheticfaculty/
Jennifer Schomaker,Wisconsin,,http://www.chem.wisc.edu/users/schomakerj,synthetic organic,,,https://www.organicdivision.org/organicsyntheticfaculty/
Shannon Stahl,Wisconsin,,http://www.chem.wisc.edu/content/stahl-group,synthetic organic,,,https://www.organicdivision.org/organicsyntheticfaculty/
Weiping Tang,Wisconsin,,https://pharmacy.wisc.edu/tang-lab/,synthetic organic,,,https://www.organicdivision.org/organicsyntheticfaculty/
Daniel Weix,Wisconsin,,https://weixgroup.chem.wisc.edu,synthetic organic,,,https://www.organicdivision.org/organicsyntheticfaculty/
Zach Wickens,Wisconsin,,https://wickens.chem.wisc.edu/,synthetic organic,,,https://www.organicdivision.org/organicsyntheticfaculty/
Tehshik Yoon,Wisconsin,,http://yoon.chem.wisc.edu/,synthetic organic,,,https://www.organicdivision.org/organicsyntheticfaculty/
James Cook,Wisconsin – Milwaukee,,https://sites.uwm.edu/capncook/,synthetic organic,,,https://www.organicdivision.org/organicsyntheticfaculty/
Christopher Dockendorff,Marquette,,https://dockendorfflab.wordpress.com/,synthetic organic,,,https://www.organicdivision.org/organicsyntheticfaculty/
William Donaldson,Marquette,,https://www.marquette.edu/chemistry/directory/william-donaldson.php,synthetic organic,,,https://www.organicdivision.org/organicsyntheticfaculty/
Mahmun Hossain,Wisconsin – Milwaukee,,https://uwm.edu/chemistry/people/hossain-m-mahmun/,synthetic organic,,,https://www.organicdivision.org/organicsyntheticfaculty/
Michael Taylor,Wyoming,,http://www.taylorresearchgroup.org/,synthetic organic,,,https://www.organicdivision.org/organicsyntheticfaculty/
